co2,temperature,humidity,time
620.7701416015625,25.62218475341797,47.70660400390625,"Wed 26 Jun 2024, 04:21PM"
630.3143310546875,25.592811584472656,48.291015625,"Wed 26 Jun 2024, 04:21PM"
497.6688232421875,25.648887634277344,47.29461669921875,"Wed 26 Jun 2024, 04:25PM"
384.95166015625,23.859771728515625,50.31890869140625,"Thu 27 Jun 2024, 08:12AM"
370.94683837890625,23.817047119140625,50.33721923828125,"Thu 27 Jun 2024, 08:15AM"
364.65447998046875,24.033340454101562,49.9542236328125,"Thu 27 Jun 2024, 09:15AM"
412.3813171386719,24.158843994140625,49.9725341796875,"Thu 27 Jun 2024, 10:15AM"
475.2930908203125,24.71160125732422,48.87847900390625,"Thu 27 Jun 2024, 11:15AM"
448.2771911621094,25.53406524658203,46.88720703125,"Thu 27 Jun 2024, 12:15PM"
490.12908935546875,25.53406524658203,47.30682373046875,"Thu 27 Jun 2024, 01:08PM"
486.85986328125,25.49134063720703,47.4212646484375,"Thu 27 Jun 2024, 01:09PM"
483.22027587890625,25.44861602783203,47.4639892578125,"Thu 27 Jun 2024, 01:10PM"
481.0689697265625,25.336463928222656,47.57232666015625,"Thu 27 Jun 2024, 01:11PM"
480.16925048828125,25.40589141845703,47.5921630859375,"Thu 27 Jun 2024, 01:12PM"
476.2684631347656,25.36316680908203,47.58758544921875,"Thu 27 Jun 2024, 01:13PM"
477.4731140136719,25.49134063720703,47.37091064453125,"Thu 27 Jun 2024, 01:14PM"
474.5639343261719,25.44861602783203,47.45330810546875,"Thu 27 Jun 2024, 01:15PM"
481.0030517578125,25.54741668701172,47.34344482421875,"Thu 27 Jun 2024, 01:16PM"
517.8988647460938,25.520713806152344,47.32666015625,"Thu 27 Jun 2024, 01:17PM"
494.81121826171875,25.606163024902344,47.30224609375,"Thu 27 Jun 2024, 01:18PM"
501.855224609375,25.606163024902344,47.56927490234375,"Thu 27 Jun 2024, 01:19PM"
508.4836120605469,25.592811584472656,47.3846435546875,"Thu 27 Jun 2024, 01:20PM"
511.6959533691406,25.62218475341797,47.45025634765625,"Thu 27 Jun 2024, 01:21PM"
514.19189453125,25.62218475341797,47.37701416015625,"Thu 27 Jun 2024, 01:22PM"
515.3961181640625,25.57946014404297,47.43194580078125,"Thu 27 Jun 2024, 01:23PM"
519.51708984375,25.606163024902344,47.60589599609375,"Thu 27 Jun 2024, 01:24PM"
528.9536743164062,25.54741668701172,47.58758544921875,"Thu 27 Jun 2024, 01:25PM"
525.107177734375,25.592811584472656,47.43499755859375,"Thu 27 Jun 2024, 01:26PM"
535.4503784179688,25.606163024902344,47.4853515625,"Thu 27 Jun 2024, 01:27PM"
540.845703125,25.477989196777344,47.723388671875,"Thu 27 Jun 2024, 01:28PM"
541.763916015625,25.49134063720703,47.6287841796875,"Thu 27 Jun 2024, 01:29PM"
540.6201171875,25.53406524658203,47.5738525390625,"Thu 27 Jun 2024, 01:30PM"
536.5891723632812,25.54741668701172,47.52655029296875,"Thu 27 Jun 2024, 01:31PM"
529.658935546875,25.50469207763672,47.53265380859375,"Thu 27 Jun 2024, 01:32PM"
531.819091796875,25.53406524658203,47.48687744140625,"Thu 27 Jun 2024, 01:33PM"
528.0313720703125,25.49134063720703,47.4578857421875,"Thu 27 Jun 2024, 01:34PM"
522.8010864257812,25.49134063720703,47.6043701171875,"Thu 27 Jun 2024, 01:35PM"
520.2607421875,25.392539978027344,47.4945068359375,"Thu 27 Jun 2024, 01:36PM"
518.0377807617188,25.379188537597656,47.564697265625,"Thu 27 Jun 2024, 01:37PM"
512.7666015625,25.264366149902344,47.6104736328125,"Thu 27 Jun 2024, 01:38PM"
501.64208984375,25.307090759277344,47.65472412109375,"Thu 27 Jun 2024, 01:39PM"
499.14013671875,25.32311248779297,47.56927490234375,"Thu 27 Jun 2024, 01:40PM"
494.665771484375,25.36316680908203,47.47772216796875,"Thu 27 Jun 2024, 01:41PM"
493.2452697753906,25.28038787841797,47.59063720703125,"Thu 27 Jun 2024, 01:42PM"
488.7813415527344,25.251014709472656,47.6470947265625,"Thu 27 Jun 2024, 01:43PM"
486.9153137207031,25.307090759277344,47.5555419921875,"Thu 27 Jun 2024, 01:44PM"
481.8392639160156,25.349815368652344,47.2198486328125,"Thu 27 Jun 2024, 01:45PM"
472.41680908203125,25.49134063720703,47.5555419921875,"Thu 27 Jun 2024, 01:46PM"
462.18145751953125,25.46196746826172,47.03826904296875,"Thu 27 Jun 2024, 01:47PM"
462.64959716796875,25.53406524658203,46.97418212890625,"Thu 27 Jun 2024, 01:48PM"
465.4673767089844,25.421913146972656,47.01995849609375,"Thu 27 Jun 2024, 01:49PM"
485.7991027832031,25.307090759277344,47.3846435546875,"Thu 27 Jun 2024, 01:50PM"
470.1528015136719,25.194931030273438,47.564697265625,"Thu 27 Jun 2024, 01:51PM"
469.3043212890625,25.28038787841797,47.45330810546875,"Thu 27 Jun 2024, 01:52PM"
474.6500244140625,25.307090759277344,47.39532470703125,"Thu 27 Jun 2024, 01:53PM"
483.5345764160156,25.40589141845703,47.34954833984375,"Thu 27 Jun 2024, 01:54PM"
486.00225830078125,25.477989196777344,47.198486328125,"Thu 27 Jun 2024, 01:55PM"
582.27490234375,25.477989196777344,47.50518798828125,"Thu 27 Jun 2024, 01:56PM"
526.5980224609375,25.54741668701172,47.22137451171875,"Thu 27 Jun 2024, 01:57PM"
532.5307006835938,25.46196746826172,47.540283203125,"Thu 27 Jun 2024, 01:58PM"
612.303955078125,25.592811584472656,47.6318359375,"Thu 27 Jun 2024, 01:59PM"
730.4869384765625,25.691612243652344,48.80523681640625,"Thu 27 Jun 2024, 02:00PM"
573.11328125,25.592811584472656,47.16644287109375,"Thu 27 Jun 2024, 02:01PM"
582.015380859375,25.62218475341797,47.09625244140625,"Thu 27 Jun 2024, 02:02PM"
554.4944458007812,25.790420532226562,46.88568115234375,"Thu 27 Jun 2024, 02:03PM"
545.031494140625,25.734336853027344,46.8902587890625,"Thu 27 Jun 2024, 02:04PM"
599.9054565429688,25.691612243652344,47.06878662109375,"Thu 27 Jun 2024, 02:05PM"
584.17578125,25.76104736328125,47.0184326171875,"Thu 27 Jun 2024, 02:06PM"
557.4968872070312,25.720985412597656,46.83990478515625,"Thu 27 Jun 2024, 02:07PM"
549.7782592773438,25.720985412597656,47.09625244140625,"Thu 27 Jun 2024, 02:08PM"
555.4312133789062,25.691612243652344,46.88568115234375,"Thu 27 Jun 2024, 02:09PM"
552.99560546875,25.66490936279297,47.07489013671875,"Thu 27 Jun 2024, 02:10PM"
554.7403564453125,25.592811584472656,47.2259521484375,"Thu 27 Jun 2024, 02:11PM"
552.068115234375,25.648887634277344,46.96502685546875,"Thu 27 Jun 2024, 02:12PM"
549.4296875,25.606163024902344,47.01995849609375,"Thu 27 Jun 2024, 02:13PM"
549.811279296875,25.606163024902344,47.00927734375,"Thu 27 Jun 2024, 02:14PM"
548.2804565429688,25.635536193847656,47.03826904296875,"Thu 27 Jun 2024, 02:15PM"
549.2451782226562,25.62218475341797,47.0458984375,"Thu 27 Jun 2024, 02:16PM"
550.508544921875,25.606163024902344,46.98333740234375,"Thu 27 Jun 2024, 02:17PM"
550.472412109375,25.520713806152344,47.18017578125,"Thu 27 Jun 2024, 02:18PM"
547.9690551757812,25.50469207763672,47.30224609375,"Thu 27 Jun 2024, 02:19PM"
547.7694091796875,25.57946014404297,47.1282958984375,"Thu 27 Jun 2024, 02:20PM"
549.9700317382812,25.606163024902344,47.12982177734375,"Thu 27 Jun 2024, 02:21PM"
574.9777221679688,25.56610870361328,47.320556640625,"Thu 27 Jun 2024, 02:22PM"
568.0338134765625,25.49134063720703,47.4945068359375,"Thu 27 Jun 2024, 02:23PM"
571.018798828125,25.57946014404297,47.2747802734375,"Thu 27 Jun 2024, 02:24PM"
573.0455932617188,25.53406524658203,47.3663330078125,"Thu 27 Jun 2024, 02:25PM"
579.9285888671875,25.56610870361328,47.283935546875,"Thu 27 Jun 2024, 02:26PM"
577.0133056640625,25.50469207763672,47.4090576171875,"Thu 27 Jun 2024, 02:27PM"
580.5198974609375,25.57946014404297,47.32208251953125,"Thu 27 Jun 2024, 02:28PM"
581.6439208984375,25.57946014404297,47.26104736328125,"Thu 27 Jun 2024, 02:29PM"
575.3385009765625,25.53406524658203,47.27020263671875,"Thu 27 Jun 2024, 02:30PM"
655.4921264648438,25.57946014404297,47.5677490234375,"Thu 27 Jun 2024, 02:31PM"
598.4095458984375,25.49134063720703,47.5311279296875,"Thu 27 Jun 2024, 02:32PM"
661.4923706054688,25.477989196777344,47.92022705078125,"Thu 27 Jun 2024, 02:33PM"
584.3615112304688,25.50469207763672,47.53265380859375,"Thu 27 Jun 2024, 02:34PM"
583.830078125,25.44861602783203,47.5128173828125,"Thu 27 Jun 2024, 02:35PM"
533.3958129882812,25.435264587402344,47.2564697265625,"Thu 27 Jun 2024, 03:00PM"
530.6246337890625,25.435264587402344,47.2564697265625,"Thu 27 Jun 2024, 03:00PM"
529.0167846679688,25.264366149902344,47.67303466796875,"Thu 27 Jun 2024, 03:01PM"
564.7474365234375,25.264366149902344,47.52655029296875,"Thu 27 Jun 2024, 03:02PM"
519.4824829101562,25.194931030273438,47.70050048828125,"Thu 27 Jun 2024, 03:03PM"
515.5674438476562,25.264366149902344,47.48687744140625,"Thu 27 Jun 2024, 03:04PM"
509.94989013671875,25.194931030273438,47.637939453125,"Thu 27 Jun 2024, 03:05PM"
507.9327087402344,25.208282470703125,47.6776123046875,"Thu 27 Jun 2024, 03:06PM"
534.2800903320312,25.32311248779297,47.44873046875,"Thu 27 Jun 2024, 03:07PM"
518.949951171875,25.36316680908203,47.29461669921875,"Thu 27 Jun 2024, 03:08PM"
597.3544921875,25.421913146972656,47.36175537109375,"Thu 27 Jun 2024, 03:09PM"
515.2935791015625,25.379188537597656,47.25799560546875,"Thu 27 Jun 2024, 03:10PM"
419.9554748535156,25.691612243652344,51.239013671875,"Thu 27 Jun 2024, 03:11PM"
507.7222595214844,25.592811584472656,47.71575927734375,"Thu 27 Jun 2024, 03:12PM"
506.6260070800781,25.520713806152344,47.24273681640625,"Thu 27 Jun 2024, 03:13PM"
572.52587890625,25.026702880859375,48.20098876953125,"Thu 27 Jun 2024, 03:13PM"
562.8179931640625,25.28038787841797,47.66082763671875,"Thu 27 Jun 2024, 03:18PM"
562.5819091796875,25.336463928222656,47.59674072265625,"Thu 27 Jun 2024, 03:18PM"
558.5445556640625,25.349815368652344,47.48992919921875,"Thu 27 Jun 2024, 03:18PM"
662.41162109375,25.44861602783203,47.91717529296875,"Thu 27 Jun 2024, 03:19PM"
593.7950439453125,25.46196746826172,47.11151123046875,"Thu 27 Jun 2024, 03:20PM"
599.8812866210938,25.44861602783203,47.2442626953125,"Thu 27 Jun 2024, 03:21PM"
558.1710205078125,25.36316680908203,47.36785888671875,"Thu 27 Jun 2024, 03:22PM"
554.5674438476562,25.435264587402344,47.12066650390625,"Thu 27 Jun 2024, 03:23PM"
553.1920776367188,25.477989196777344,47.052001953125,"Thu 27 Jun 2024, 03:24PM"
551.7678833007812,25.50469207763672,47.03216552734375,"Thu 27 Jun 2024, 03:25PM"
552.6294555664062,25.435264587402344,47.37701416015625,"Thu 27 Jun 2024, 03:26PM"
550.9071044921875,25.40589141845703,47.14202880859375,"Thu 27 Jun 2024, 03:27PM"
553.114990234375,25.421913146972656,47.08251953125,"Thu 27 Jun 2024, 03:28PM"
550.07568359375,25.392539978027344,47.15118408203125,"Thu 27 Jun 2024, 03:29PM"
551.023681640625,25.40589141845703,47.0794677734375,"Thu 27 Jun 2024, 03:30PM"
550.31591796875,25.40589141845703,47.1160888671875,"Thu 27 Jun 2024, 03:31PM"
551.8551635742188,25.379188537597656,47.24884033203125,"Thu 27 Jun 2024, 03:32PM"
547.9461669921875,25.36316680908203,47.1099853515625,"Thu 27 Jun 2024, 03:33PM"
546.0091552734375,25.40589141845703,47.0916748046875,"Thu 27 Jun 2024, 03:34PM"
543.6854248046875,25.22430419921875,47.34954833984375,"Thu 27 Jun 2024, 03:35PM"
550.9826049804688,25.349815368652344,47.6470947265625,"Thu 27 Jun 2024, 03:36PM"
613.0862426757812,25.592811584472656,46.81243896484375,"Thu 27 Jun 2024, 03:38PM"
604.2698364257812,25.44861602783203,47.1710205078125,"Thu 27 Jun 2024, 03:39PM"
609.2546997070312,25.336463928222656,47.23052978515625,"Thu 27 Jun 2024, 03:40PM"
614.5291137695312,25.293739318847656,47.418212890625,"Thu 27 Jun 2024, 03:41PM"
606.8259887695312,25.264366149902344,47.30682373046875,"Thu 27 Jun 2024, 03:42PM"
604.4712524414062,25.293739318847656,47.3114013671875,"Thu 27 Jun 2024, 03:43PM"
602.20751953125,25.28038787841797,47.357177734375,"Thu 27 Jun 2024, 03:44PM"
602.4415283203125,25.264366149902344,47.36785888671875,"Thu 27 Jun 2024, 03:45PM"
605.4556884765625,25.109481811523438,47.711181640625,"Thu 27 Jun 2024, 03:46PM"
603.6134643554688,25.307090759277344,47.3724365234375,"Thu 27 Jun 2024, 03:47PM"
621.228759765625,25.648887634277344,46.68426513671875,"Thu 27 Jun 2024, 03:48PM"
631.2647094726562,25.97467041015625,46.69952392578125,"Thu 27 Jun 2024, 03:49PM"
625.6431274414062,26.06011962890625,46.05255126953125,"Thu 27 Jun 2024, 03:50PM"
622.5224609375,26.001373291015625,46.35009765625,"Thu 27 Jun 2024, 03:51PM"
622.85107421875,26.118865966796875,45.85113525390625,"Thu 27 Jun 2024, 03:52PM"
597.9180908203125,26.073471069335938,45.9564208984375,"Thu 27 Jun 2024, 03:53PM"
612.328857421875,26.161590576171875,45.72296142578125,"Thu 27 Jun 2024, 03:54PM"
686.3153076171875,26.073471069335938,46.2371826171875,"Thu 27 Jun 2024, 03:55PM"
730.47900390625,26.100173950195312,45.947265625,"Thu 27 Jun 2024, 03:56PM"
679.8548583984375,26.073471069335938,45.9930419921875,"Thu 27 Jun 2024, 03:57PM"
595.4351806640625,25.988021850585938,46.0906982421875,"Thu 27 Jun 2024, 03:58PM"
592.2643432617188,26.132217407226562,46.0479736328125,"Thu 27 Jun 2024, 03:59PM"
679.5313720703125,26.14556884765625,45.965576171875,"Thu 27 Jun 2024, 04:00PM"
605.3438720703125,26.14556884765625,46.038818359375,"Thu 27 Jun 2024, 04:01PM"
597.4072265625,26.01739501953125,46.18072509765625,"Thu 27 Jun 2024, 04:02PM"
610.2645263671875,25.961318969726562,46.282958984375,"Thu 27 Jun 2024, 04:03PM"
599.838134765625,25.819793701171875,46.60797119140625,"Thu 27 Jun 2024, 04:04PM"
666.2591552734375,25.988021850585938,46.28753662109375,"Thu 27 Jun 2024, 04:05PM"
605.8186645507812,25.918594360351562,46.37451171875,"Thu 27 Jun 2024, 04:06PM"
597.297119140625,25.961318969726562,46.466064453125,"Thu 27 Jun 2024, 04:07PM"
600.0241088867188,25.84649658203125,46.588134765625,"Thu 27 Jun 2024, 04:08PM"
597.1171264648438,25.93194580078125,46.8780517578125,"Thu 27 Jun 2024, 04:09PM"
610.6161499023438,25.777069091796875,46.77276611328125,"Thu 27 Jun 2024, 04:10PM"
648.9021606445312,25.833145141601562,46.75750732421875,"Thu 27 Jun 2024, 04:11PM"
630.4764404296875,25.88922119140625,46.6064453125,"Thu 27 Jun 2024, 04:12PM"
616.9474487304688,25.875869750976562,46.7254638671875,"Thu 27 Jun 2024, 04:13PM"
610.60302734375,25.961318969726562,46.60186767578125,"Thu 27 Jun 2024, 04:14PM"
605.8787841796875,25.902572631835938,46.69036865234375,"Thu 27 Jun 2024, 04:15PM"
602.121826171875,26.030746459960938,46.5240478515625,"Thu 27 Jun 2024, 04:16PM"
593.731201171875,25.945297241210938,46.5850830078125,"Thu 27 Jun 2024, 04:17PM"
600.8578491210938,25.988021850585938,46.6064453125,"Thu 27 Jun 2024, 04:18PM"
601.9951782226562,26.01739501953125,46.5850830078125,"Thu 27 Jun 2024, 04:19PM"
605.8038330078125,25.93194580078125,46.70867919921875,"Thu 27 Jun 2024, 04:20PM"
594.9847412109375,25.97467041015625,46.62628173828125,"Thu 27 Jun 2024, 04:21PM"
606.4385375976562,25.902572631835938,46.86279296875,"Thu 27 Jun 2024, 04:22PM"
602.1792602539062,26.118865966796875,46.53472900390625,"Thu 27 Jun 2024, 04:23PM"
653.9405517578125,26.161590576171875,46.40655517578125,"Thu 27 Jun 2024, 04:24PM"
658.24169921875,26.18829345703125,46.36077880859375,"Thu 27 Jun 2024, 04:25PM"
711.0870361328125,26.244369506835938,46.60186767578125,"Thu 27 Jun 2024, 04:26PM"
641.5396118164062,26.27375030517578,46.15325927734375,"Thu 27 Jun 2024, 04:27PM"
629.6192016601562,26.31647491455078,46.0479736328125,"Thu 27 Jun 2024, 04:28PM"
616.9688110351562,26.49805450439453,45.8709716796875,"Thu 27 Jun 2024, 04:29PM"
597.5553588867188,26.58350372314453,45.8343505859375,"Thu 27 Jun 2024, 04:30PM"
635.6475219726562,26.41527557373047,45.96099853515625,"Thu 27 Jun 2024, 04:31PM"
627.9111328125,26.399253845214844,45.98388671875,"Thu 27 Jun 2024, 04:32PM"
623.394775390625,26.27375030517578,46.18988037109375,"Thu 27 Jun 2024, 04:33PM"
605.8571166992188,26.217666625976562,46.24176025390625,"Thu 27 Jun 2024, 04:34PM"
604.459228515625,26.118865966796875,46.3775634765625,"Thu 27 Jun 2024, 04:35PM"
595.8446655273438,26.14556884765625,46.26922607421875,"Thu 27 Jun 2024, 04:36PM"
585.1707153320312,26.174942016601562,46.18682861328125,"Thu 27 Jun 2024, 04:37PM"
578.0686645507812,26.174942016601562,46.16241455078125,"Thu 27 Jun 2024, 04:38PM"
574.051513671875,26.23101806640625,46.05865478515625,"Thu 27 Jun 2024, 04:39PM"
572.8274536132812,26.23101806640625,46.1090087890625,"Thu 27 Jun 2024, 04:40PM"
570.3441162109375,26.14556884765625,46.19598388671875,"Thu 27 Jun 2024, 04:41PM"
567.077880859375,26.27375030517578,45.89385986328125,"Thu 27 Jun 2024, 04:42PM"
564.10595703125,26.31647491455078,45.751953125,"Thu 27 Jun 2024, 04:43PM"
560.8873291015625,26.343177795410156,45.7183837890625,"Thu 27 Jun 2024, 04:44PM"
555.4024658203125,26.428627014160156,45.55816650390625,"Thu 27 Jun 2024, 04:45PM"
548.5662841796875,26.484703063964844,45.4071044921875,"Thu 27 Jun 2024, 04:46PM"
540.3966064453125,26.428627014160156,45.55816650390625,"Thu 27 Jun 2024, 04:47PM"
543.7406005859375,26.37255096435547,45.8099365234375,"Thu 27 Jun 2024, 04:48PM"
545.727783203125,26.37255096435547,45.7733154296875,"Thu 27 Jun 2024, 04:49PM"
544.2525634765625,26.428627014160156,45.72906494140625,"Thu 27 Jun 2024, 04:50PM"
540.4411010742188,26.428627014160156,45.7916259765625,"Thu 27 Jun 2024, 04:51PM"
535.9783325195312,26.570152282714844,45.57647705078125,"Thu 27 Jun 2024, 04:52PM"
530.2333374023438,26.62622833251953,45.52154541015625,"Thu 27 Jun 2024, 04:53PM"
526.5755004882812,26.484703063964844,45.7733154296875,"Thu 27 Jun 2024, 04:54PM"
520.6109008789062,26.41527557373047,46.1212158203125,"Thu 27 Jun 2024, 04:55PM"
516.9287719726562,26.37255096435547,46.2127685546875,"Thu 27 Jun 2024, 04:56PM"
503.17694091796875,26.399253845214844,46.24176025390625,"Thu 27 Jun 2024, 04:57PM"
491.6636047363281,26.428627014160156,46.319580078125,"Thu 27 Jun 2024, 04:58PM"
490.9424133300781,26.45800018310547,46.2493896484375,"Thu 27 Jun 2024, 04:59PM"
817.4581909179688,26.201644897460938,47.19390869140625,"Thu 27 Jun 2024, 05:00PM"
869.28515625,26.118865966796875,47.73712158203125,"Thu 27 Jun 2024, 05:01PM"
778.3138427734375,25.902572631835938,48.382568359375,"Thu 27 Jun 2024, 05:02PM"
611.3800659179688,25.648887634277344,48.27423095703125,"Thu 27 Jun 2024, 05:03PM"
575.0886840820312,25.53406524658203,48.57635498046875,"Thu 27 Jun 2024, 05:04PM"
532.7034912109375,25.40589141845703,48.81439208984375,"Thu 27 Jun 2024, 05:05PM"
532.8098754882812,25.293739318847656,49.27520751953125,"Thu 27 Jun 2024, 05:06PM"
738.0254516601562,25.392539978027344,49.2156982421875,"Thu 27 Jun 2024, 05:07PM"
665.8700561523438,25.477989196777344,49.1302490234375,"Thu 27 Jun 2024, 05:08PM"
539.755859375,25.46196746826172,49.041748046875,"Thu 27 Jun 2024, 05:09PM"
524.778076171875,25.477989196777344,49.2034912109375,"Thu 27 Jun 2024, 05:10PM"
521.6945190429688,25.435264587402344,49.27215576171875,"Thu 27 Jun 2024, 05:11PM"
517.3201293945312,25.293739318847656,49.4598388671875,"Thu 27 Jun 2024, 05:12PM"
509.32568359375,25.40589141845703,49.44915771484375,"Thu 27 Jun 2024, 05:13PM"
506.2095031738281,25.36316680908203,49.34539794921875,"Thu 27 Jun 2024, 05:14PM"
505.9082946777344,25.379188537597656,49.34844970703125,"Thu 27 Jun 2024, 05:15PM"
502.7868347167969,25.36316680908203,49.41864013671875,"Thu 27 Jun 2024, 05:16PM"
501.83282470703125,25.36316680908203,49.517822265625,"Thu 27 Jun 2024, 05:17PM"
496.46173095703125,25.349815368652344,49.4903564453125,"Thu 27 Jun 2024, 05:18PM"
492.2535705566406,25.293739318847656,49.59259033203125,"Thu 27 Jun 2024, 05:19PM"
488.93048095703125,25.237655639648438,49.76959228515625,"Thu 27 Jun 2024, 05:20PM"
484.29803466796875,25.208282470703125,49.9114990234375,"Thu 27 Jun 2024, 05:21PM"
479.71978759765625,25.18157958984375,49.96795654296875,"Thu 27 Jun 2024, 05:22PM"
477.2164611816406,25.22430419921875,49.86572265625,"Thu 27 Jun 2024, 05:23PM"
473.1958923339844,25.208282470703125,49.99542236328125,"Thu 27 Jun 2024, 05:24PM"
473.03240966796875,25.194931030273438,50.00762939453125,"Thu 27 Jun 2024, 05:25PM"
471.8831787109375,25.125503540039062,50.14495849609375,"Thu 27 Jun 2024, 05:26PM"
469.04400634765625,25.165557861328125,50.1495361328125,"Thu 27 Jun 2024, 05:27PM"
465.3316345214844,25.194931030273438,50.128173828125,"Thu 27 Jun 2024, 05:28PM"
465.8905334472656,25.09613037109375,50.26092529296875,"Thu 27 Jun 2024, 05:29PM"
464.995849609375,25.09613037109375,50.30975341796875,"Thu 27 Jun 2024, 05:30PM"
462.21319580078125,25.008010864257812,50.49285888671875,"Thu 27 Jun 2024, 05:31PM"
457.190673828125,25.109481811523438,50.433349609375,"Thu 27 Jun 2024, 05:32PM"
455.8973693847656,25.082778930664062,50.41961669921875,"Thu 27 Jun 2024, 05:33PM"
454.9834899902344,25.082778930664062,50.4425048828125,"Thu 27 Jun 2024, 05:34PM"
452.8409118652344,25.066757202148438,50.54931640625,"Thu 27 Jun 2024, 05:35PM"
449.0337829589844,25.040054321289062,50.5706787109375,"Thu 27 Jun 2024, 05:36PM"
445.866943359375,25.008010864257812,50.616455078125,"Thu 27 Jun 2024, 05:37PM"
443.3051452636719,24.994659423828125,50.7232666015625,"Thu 27 Jun 2024, 05:38PM"
443.1970520019531,24.965286254882812,50.82855224609375,"Thu 27 Jun 2024, 05:39PM"
443.86578369140625,24.965286254882812,50.89111328125,"Thu 27 Jun 2024, 05:40PM"
441.8612976074219,24.853134155273438,51.13067626953125,"Thu 27 Jun 2024, 05:41PM"
442.20611572265625,24.810409545898438,51.33056640625,"Thu 27 Jun 2024, 05:42PM"
442.39385986328125,24.71160125732422,51.4007568359375,"Thu 27 Jun 2024, 05:43PM"
439.9414367675781,24.810409545898438,51.220703125,"Thu 27 Jun 2024, 05:44PM"
437.82598876953125,24.866485595703125,51.25274658203125,"Thu 27 Jun 2024, 05:45PM"
437.346435546875,24.727622985839844,51.41754150390625,"Thu 27 Jun 2024, 05:46PM"
436.61041259765625,24.727622985839844,51.4404296875,"Thu 27 Jun 2024, 05:47PM"
437.8181457519531,24.79705810546875,51.3763427734375,"Thu 27 Jun 2024, 05:48PM"
439.7397155761719,24.83978271484375,51.26190185546875,"Thu 27 Jun 2024, 05:49PM"
438.56683349609375,24.853134155273438,51.24053955078125,"Thu 27 Jun 2024, 05:50PM"
436.51434326171875,24.810409545898438,51.35498046875,"Thu 27 Jun 2024, 05:51PM"
433.954345703125,24.826431274414062,51.2481689453125,"Thu 27 Jun 2024, 05:52PM"
434.64599609375,24.83978271484375,51.37176513671875,"Thu 27 Jun 2024, 05:53PM"
433.7228698730469,24.783706665039062,51.4373779296875,"Thu 27 Jun 2024, 05:54PM"
432.16796875,24.79705810546875,51.40380859375,"Thu 27 Jun 2024, 05:55PM"
430.92706298828125,24.783706665039062,51.4862060546875,"Thu 27 Jun 2024, 05:56PM"
427.2434997558594,24.74097442626953,51.58843994140625,"Thu 27 Jun 2024, 05:57PM"
428.3865661621094,24.783706665039062,51.4739990234375,"Thu 27 Jun 2024, 05:58PM"
428.3536682128906,24.727622985839844,51.66015625,"Thu 27 Jun 2024, 05:59PM"
428.77777099609375,24.75433349609375,51.6387939453125,"Thu 27 Jun 2024, 06:00PM"
428.0972900390625,24.767684936523438,51.58233642578125,"Thu 27 Jun 2024, 06:01PM"
427.0439453125,24.74097442626953,51.6510009765625,"Thu 27 Jun 2024, 06:02PM"
426.3718566894531,24.783706665039062,51.6693115234375,"Thu 27 Jun 2024, 06:03PM"
428.35540771484375,24.727622985839844,51.74713134765625,"Thu 27 Jun 2024, 06:04PM"
429.67864990234375,24.66887664794922,51.8218994140625,"Thu 27 Jun 2024, 06:05PM"
427.3190002441406,24.75433349609375,51.66473388671875,"Thu 27 Jun 2024, 06:06PM"
425.0516357421875,24.71160125732422,51.82647705078125,"Thu 27 Jun 2024, 06:07PM"
426.3802795410156,24.727622985839844,51.82952880859375,"Thu 27 Jun 2024, 06:08PM"
425.7665100097656,24.727622985839844,51.82952880859375,"Thu 27 Jun 2024, 06:09PM"
427.4841003417969,24.69824981689453,51.861572265625,"Thu 27 Jun 2024, 06:10PM"
424.3629455566406,24.69824981689453,51.8524169921875,"Thu 27 Jun 2024, 06:11PM"
425.23907470703125,24.71160125732422,51.89056396484375,"Thu 27 Jun 2024, 06:12PM"
425.7585754394531,24.69824981689453,51.83868408203125,"Thu 27 Jun 2024, 06:13PM"
423.18939208984375,24.57007598876953,52.081298828125,"Thu 27 Jun 2024, 06:14PM"
421.20587158203125,24.599449157714844,52.11944580078125,"Thu 27 Jun 2024, 06:15PM"
420.1231994628906,24.543373107910156,52.1453857421875,"Thu 27 Jun 2024, 06:16PM"
417.9730529785156,24.53002166748047,52.25677490234375,"Thu 27 Jun 2024, 06:17PM"
415.890380859375,24.471275329589844,52.337646484375,"Thu 27 Jun 2024, 06:18PM"
415.62445068359375,24.53002166748047,52.2918701171875,"Thu 27 Jun 2024, 06:19PM"
419.7422790527344,24.53002166748047,52.142333984375,"Thu 27 Jun 2024, 06:20PM"
419.09039306640625,24.385826110839844,52.5299072265625,"Thu 27 Jun 2024, 06:21PM"
416.7942810058594,24.543373107910156,52.2705078125,"Thu 27 Jun 2024, 06:22PM"
416.15948486328125,24.599449157714844,52.1087646484375,"Thu 27 Jun 2024, 06:23PM"
416.87109375,24.586097717285156,52.117919921875,"Thu 27 Jun 2024, 06:24PM"
417.22943115234375,24.586097717285156,52.09503173828125,"Thu 27 Jun 2024, 06:25PM"
418.1600341796875,24.543373107910156,52.13623046875,"Thu 27 Jun 2024, 06:26PM"
418.1565856933594,24.53002166748047,52.23388671875,"Thu 27 Jun 2024, 06:27PM"
418.2381896972656,24.543373107910156,52.25982666015625,"Thu 27 Jun 2024, 06:28PM"
418.5202331542969,24.543373107910156,52.12249755859375,"Thu 27 Jun 2024, 06:29PM"
416.8537292480469,24.53002166748047,52.17742919921875,"Thu 27 Jun 2024, 06:30PM"
415.9551696777344,24.513999938964844,52.20947265625,"Thu 27 Jun 2024, 06:31PM"
415.5902404785156,24.48729705810547,52.25067138671875,"Thu 27 Jun 2024, 06:32PM"
418.5457763671875,24.44190216064453,52.31170654296875,"Thu 27 Jun 2024, 06:33PM"
417.6578369140625,24.457923889160156,52.301025390625,"Thu 27 Jun 2024, 06:34PM"
418.2269287109375,24.471275329589844,52.337646484375,"Thu 27 Jun 2024, 06:35PM"
421.8653869628906,24.48729705810547,52.25067138671875,"Thu 27 Jun 2024, 06:36PM"
420.46600341796875,24.513999938964844,52.197265625,"Thu 27 Jun 2024, 06:37PM"
420.47772216796875,24.500648498535156,52.1728515625,"Thu 27 Jun 2024, 06:38PM"
421.4682312011719,24.457923889160156,52.23388671875,"Thu 27 Jun 2024, 06:39PM"
418.6538391113281,24.48729705810547,52.215576171875,"Thu 27 Jun 2024, 06:40PM"
419.8843078613281,24.48729705810547,52.14996337890625,"Thu 27 Jun 2024, 06:41PM"
420.2730712890625,24.385826110839844,52.2918701171875,"Thu 27 Jun 2024, 06:42PM"
419.7857971191406,24.500648498535156,52.252197265625,"Thu 27 Jun 2024, 06:43PM"
419.8173522949219,24.457923889160156,52.23388671875,"Thu 27 Jun 2024, 06:44PM"
419.4139404296875,24.428550720214844,52.18658447265625,"Thu 27 Jun 2024, 06:45PM"
418.6024169921875,24.471275329589844,52.15911865234375,"Thu 27 Jun 2024, 06:46PM"
419.31085205078125,24.457923889160156,52.16522216796875,"Thu 27 Jun 2024, 06:47PM"
420.95751953125,24.36980438232422,52.34375,"Thu 27 Jun 2024, 06:48PM"
418.8620300292969,24.343101501464844,52.3529052734375,"Thu 27 Jun 2024, 06:49PM"
416.0938720703125,24.230941772460938,52.5726318359375,"Thu 27 Jun 2024, 06:50PM"
412.3216857910156,24.31372833251953,52.471923828125,"Thu 27 Jun 2024, 06:51PM"
410.0440368652344,24.287025451660156,52.5360107421875,"Thu 27 Jun 2024, 06:52PM"
410.8025207519531,24.287025451660156,52.52532958984375,"Thu 27 Jun 2024, 06:53PM"
410.55517578125,24.27100372314453,52.5115966796875,"Thu 27 Jun 2024, 06:54PM"
408.4898376464844,24.329750061035156,52.3162841796875,"Thu 27 Jun 2024, 06:55PM"
409.99053955078125,24.385826110839844,52.178955078125,"Thu 27 Jun 2024, 06:56PM"
413.6523132324219,24.329750061035156,52.227783203125,"Thu 27 Jun 2024, 06:57PM"
413.34527587890625,24.31372833251953,52.325439453125,"Thu 27 Jun 2024, 06:58PM"
414.42169189453125,24.27100372314453,52.3193359375,"Thu 27 Jun 2024, 06:59PM"
411.4596862792969,24.287025451660156,52.27813720703125,"Thu 27 Jun 2024, 07:00PM"
410.7412109375,24.31372833251953,52.2247314453125,"Thu 27 Jun 2024, 07:01PM"
412.1420593261719,24.31372833251953,52.191162109375,"Thu 27 Jun 2024, 07:02PM"
413.5404357910156,24.329750061035156,52.227783203125,"Thu 27 Jun 2024, 07:03PM"
414.0710754394531,24.329750061035156,52.1820068359375,"Thu 27 Jun 2024, 07:04PM"
413.15216064453125,24.300376892089844,52.26593017578125,"Thu 27 Jun 2024, 07:05PM"
411.37664794921875,24.287025451660156,52.33306884765625,"Thu 27 Jun 2024, 07:06PM"
416.9117126464844,24.244293212890625,52.30560302734375,"Thu 27 Jun 2024, 07:07PM"
419.29364013671875,24.35645294189453,52.20947265625,"Thu 27 Jun 2024, 07:08PM"
422.68670654296875,24.35645294189453,52.18658447265625,"Thu 27 Jun 2024, 07:09PM"
424.883544921875,24.35645294189453,52.1514892578125,"Thu 27 Jun 2024, 07:10PM"
427.187744140625,24.39917755126953,52.11334228515625,"Thu 27 Jun 2024, 07:11PM"
428.9224548339844,24.385826110839844,52.06756591796875,"Thu 27 Jun 2024, 07:12PM"
433.2723083496094,24.36980438232422,52.154541015625,"Thu 27 Jun 2024, 07:13PM"
433.4123840332031,24.39917755126953,52.11334228515625,"Thu 27 Jun 2024, 07:14PM"
433.3894348144531,24.35645294189453,52.17437744140625,"Thu 27 Jun 2024, 07:15PM"
431.2410888671875,24.36980438232422,52.13165283203125,"Thu 27 Jun 2024, 07:16PM"
429.9588928222656,24.343101501464844,52.1148681640625,"Thu 27 Jun 2024, 07:17PM"
429.2427673339844,24.343101501464844,52.1148681640625,"Thu 27 Jun 2024, 07:18PM"
425.8796081542969,24.35645294189453,52.117919921875,"Thu 27 Jun 2024, 07:19PM"
422.4372253417969,24.31372833251953,52.1240234375,"Thu 27 Jun 2024, 07:20PM"
420.7752380371094,24.27100372314453,52.18353271484375,"Thu 27 Jun 2024, 07:21PM"
421.1453552246094,24.244293212890625,52.20184326171875,"Thu 27 Jun 2024, 07:22PM"
422.7951354980469,24.08941650390625,52.50701904296875,"Thu 27 Jun 2024, 07:23PM"
421.56182861328125,24.116119384765625,52.398681640625,"Thu 27 Jun 2024, 07:24PM"
422.525390625,24.230941772460938,52.31475830078125,"Thu 27 Jun 2024, 07:25PM"
423.02001953125,24.172195434570312,52.31475830078125,"Thu 27 Jun 2024, 07:26PM"
419.63311767578125,24.073394775390625,52.46124267578125,"Thu 27 Jun 2024, 07:27PM"
418.150634765625,24.230941772460938,52.1331787109375,"Thu 27 Jun 2024, 07:28PM"
415.5015869140625,24.201568603515625,52.14080810546875,"Thu 27 Jun 2024, 07:29PM"
416.7065124511719,24.27100372314453,52.09503173828125,"Thu 27 Jun 2024, 07:30PM"
417.5662536621094,24.214920043945312,52.1087646484375,"Thu 27 Jun 2024, 07:31PM"
416.0680847167969,24.201568603515625,52.1514892578125,"Thu 27 Jun 2024, 07:32PM"
417.0881652832031,24.244293212890625,52.0782470703125,"Thu 27 Jun 2024, 07:33PM"
415.8648681640625,24.230941772460938,52.044677734375,"Thu 27 Jun 2024, 07:34PM"
417.3609619140625,24.214920043945312,52.06298828125,"Thu 27 Jun 2024, 07:35PM"
416.8009033203125,24.201568603515625,52.04010009765625,"Thu 27 Jun 2024, 07:36PM"
418.2564392089844,24.172195434570312,52.05535888671875,"Thu 27 Jun 2024, 07:37PM"
417.7036437988281,24.201568603515625,52.0263671875,"Thu 27 Jun 2024, 07:38PM"
420.3984375,24.201568603515625,51.94854736328125,"Thu 27 Jun 2024, 07:39PM"
419.1585693359375,24.201568603515625,51.91192626953125,"Thu 27 Jun 2024, 07:40PM"
418.4771423339844,24.172195434570312,52.01263427734375,"Thu 27 Jun 2024, 07:41PM"
416.344970703125,24.230941772460938,51.97601318359375,"Thu 27 Jun 2024, 07:42PM"
416.9961242675781,24.214920043945312,51.98516845703125,"Thu 27 Jun 2024, 07:43PM"
415.1183166503906,24.188217163085938,51.99127197265625,"Thu 27 Jun 2024, 07:44PM"
418.5940246582031,24.04669189453125,52.2064208984375,"Thu 27 Jun 2024, 07:45PM"
421.5065612792969,24.214920043945312,51.98516845703125,"Thu 27 Jun 2024, 07:46PM"
422.9130859375,24.230941772460938,51.904296875,"Thu 27 Jun 2024, 07:47PM"
425.6115417480469,24.188217163085938,51.94549560546875,"Thu 27 Jun 2024, 07:48PM"
425.3244323730469,24.158843994140625,52.0782470703125,"Thu 27 Jun 2024, 07:49PM"
436.801513671875,24.329750061035156,51.8218994140625,"Thu 27 Jun 2024, 07:50PM"
441.5937805175781,24.329750061035156,51.7608642578125,"Thu 27 Jun 2024, 07:51PM"
444.0559387207031,24.257652282714844,51.8341064453125,"Thu 27 Jun 2024, 07:52PM"
444.3818664550781,24.300376892089844,51.86614990234375,"Thu 27 Jun 2024, 07:53PM"
446.71063232421875,24.230941772460938,51.93023681640625,"Thu 27 Jun 2024, 07:54PM"
443.32464599609375,24.201568603515625,52.0599365234375,"Thu 27 Jun 2024, 07:55PM"
445.9462890625,24.145492553710938,52.11029052734375,"Thu 27 Jun 2024, 07:56PM"
446.2455749511719,24.102767944335938,52.19268798828125,"Thu 27 Jun 2024, 07:57PM"
444.49993896484375,24.145492553710938,52.07672119140625,"Thu 27 Jun 2024, 07:58PM"
444.2345886230469,24.08941650390625,52.191162109375,"Thu 27 Jun 2024, 07:59PM"
443.7298278808594,24.116119384765625,52.17437744140625,"Thu 27 Jun 2024, 08:00PM"
442.4274597167969,24.102767944335938,52.20489501953125,"Thu 27 Jun 2024, 08:01PM"
439.0894470214844,24.188217163085938,51.95770263671875,"Thu 27 Jun 2024, 08:02PM"
437.75408935546875,24.188217163085938,51.9805908203125,"Thu 27 Jun 2024, 08:03PM"
435.44232177734375,24.188217163085938,51.849365234375,"Thu 27 Jun 2024, 08:04PM"
434.9222106933594,24.201568603515625,51.89971923828125,"Thu 27 Jun 2024, 08:05PM"
432.1655578613281,24.172195434570312,51.9317626953125,"Thu 27 Jun 2024, 08:06PM"
523.76123046875,24.343101501464844,46.34552001953125,"Fri 28 Jun 2024, 08:50AM"
523.5450439453125,24.244293212890625,46.4691162109375,"Fri 28 Jun 2024, 08:51AM"
534.8807983398438,24.188217163085938,46.7132568359375,"Fri 28 Jun 2024, 08:52AM"
535.1620483398438,24.158843994140625,46.55303955078125,"Fri 28 Jun 2024, 08:53AM"
531.0612182617188,24.102767944335938,46.69342041015625,"Fri 28 Jun 2024, 08:54AM"
526.4993286132812,24.102767944335938,46.71630859375,"Fri 28 Jun 2024, 08:55AM"
527.7689819335938,24.073394775390625,46.7254638671875,"Fri 28 Jun 2024, 08:56AM"
528.41259765625,24.116119384765625,46.74072265625,"Fri 28 Jun 2024, 08:57AM"
528.104248046875,24.08941650390625,46.69036865234375,"Fri 28 Jun 2024, 08:58AM"
524.3894653320312,24.060043334960938,46.795654296875,"Fri 28 Jun 2024, 08:59AM"
522.1637573242188,24.08941650390625,46.76361083984375,"Fri 28 Jun 2024, 09:00AM"
520.4185180664062,24.145492553710938,46.612548828125,"Fri 28 Jun 2024, 09:01AM"
521.1565551757812,24.188217163085938,46.6033935546875,"Fri 28 Jun 2024, 09:02AM"
522.7509765625,24.116119384765625,46.7041015625,"Fri 28 Jun 2024, 09:03AM"
520.3619995117188,24.116119384765625,46.7041015625,"Fri 28 Jun 2024, 09:04AM"
521.2505493164062,24.145492553710938,46.624755859375,"Fri 28 Jun 2024, 09:05AM"
524.8936157226562,24.230941772460938,46.53778076171875,"Fri 28 Jun 2024, 09:06AM"
528.3237915039062,24.257652282714844,46.4935302734375,"Fri 28 Jun 2024, 09:07AM"
528.7206420898438,24.257652282714844,46.4691162109375,"Fri 28 Jun 2024, 09:08AM"
526.9222412109375,24.35645294189453,46.3104248046875,"Fri 28 Jun 2024, 09:09AM"
527.365966796875,24.343101501464844,46.36993408203125,"Fri 28 Jun 2024, 09:10AM"
523.9569091796875,24.39917755126953,46.24176025390625,"Fri 28 Jun 2024, 09:11AM"
522.108642578125,24.385826110839844,46.3409423828125,"Fri 28 Jun 2024, 09:12AM"
520.9577026367188,24.39917755126953,46.3409423828125,"Fri 28 Jun 2024, 09:13AM"
523.2586059570312,24.44190216064453,46.18988037109375,"Fri 28 Jun 2024, 09:14AM"
522.33154296875,24.428550720214844,46.246337890625,"Fri 28 Jun 2024, 09:15AM"
523.79248046875,24.44190216064453,46.3104248046875,"Fri 28 Jun 2024, 09:16AM"
522.3759765625,24.457923889160156,46.2860107421875,"Fri 28 Jun 2024, 09:17AM"
520.2589721679688,24.39917755126953,46.3043212890625,"Fri 28 Jun 2024, 09:18AM"
521.0867309570312,24.41252899169922,46.28143310546875,"Fri 28 Jun 2024, 09:19AM"
523.1658325195312,24.471275329589844,46.25091552734375,"Fri 28 Jun 2024, 09:20AM"
525.6962280273438,24.457923889160156,46.3134765625,"Fri 28 Jun 2024, 09:21AM"
526.3479614257812,24.428550720214844,46.38214111328125,"Fri 28 Jun 2024, 09:22AM"
528.2938232421875,24.385826110839844,46.42333984375,"Fri 28 Jun 2024, 09:23AM"
528.3721923828125,24.27100372314453,46.6156005859375,"Fri 28 Jun 2024, 09:24AM"
527.0726318359375,24.287025451660156,46.630859375,"Fri 28 Jun 2024, 09:25AM"
528.5531005859375,24.257652282714844,46.7498779296875,"Fri 28 Jun 2024, 09:26AM"
531.1891479492188,24.287025451660156,46.72698974609375,"Fri 28 Jun 2024, 09:27AM"
533.0986328125,24.31372833251953,46.6583251953125,"Fri 28 Jun 2024, 09:28AM"
526.8555908203125,24.329750061035156,46.551513671875,"Fri 28 Jun 2024, 09:29AM"
522.8993530273438,24.36980438232422,46.5667724609375,"Fri 28 Jun 2024, 09:30AM"
521.3969116210938,24.457923889160156,46.42333984375,"Fri 28 Jun 2024, 09:31AM"
520.8912353515625,24.428550720214844,46.429443359375,"Fri 28 Jun 2024, 09:32AM"
521.8385620117188,24.41252899169922,46.48895263671875,"Fri 28 Jun 2024, 09:33AM"
523.5617065429688,24.44190216064453,46.4202880859375,"Fri 28 Jun 2024, 09:34AM"
528.8477783203125,24.41252899169922,46.4752197265625,"Fri 28 Jun 2024, 09:35AM"
529.5338745117188,24.457923889160156,46.4324951171875,"Fri 28 Jun 2024, 09:36AM"
645.5179443359375,24.457923889160156,46.66595458984375,"Fri 28 Jun 2024, 09:37AM"
539.1817626953125,24.471275329589844,46.4599609375,"Fri 28 Jun 2024, 09:38AM"
532.9098510742188,24.457923889160156,46.55609130859375,"Fri 28 Jun 2024, 09:39AM"
530.9622802734375,24.44190216064453,46.4691162109375,"Fri 28 Jun 2024, 09:40AM"
529.8049926757812,24.513999938964844,46.34246826171875,"Fri 28 Jun 2024, 09:41AM"
528.9998168945312,24.513999938964844,46.4019775390625,"Fri 28 Jun 2024, 09:42AM"
532.4124145507812,24.39917755126953,46.59423828125,"Fri 28 Jun 2024, 09:43AM"
530.4609985351562,24.457923889160156,46.5423583984375,"Fri 28 Jun 2024, 09:44AM"
529.5153198242188,24.471275329589844,46.42333984375,"Fri 28 Jun 2024, 09:45AM"
557.1729736328125,24.500648498535156,46.4874267578125,"Fri 28 Jun 2024, 09:46AM"
535.2914428710938,24.41252899169922,46.5850830078125,"Fri 28 Jun 2024, 09:47AM"
527.235107421875,24.428550720214844,46.514892578125,"Fri 28 Jun 2024, 09:48AM"
525.5731201171875,24.39917755126953,46.64459228515625,"Fri 28 Jun 2024, 09:49AM"
525.55517578125,24.44190216064453,46.575927734375,"Fri 28 Jun 2024, 09:50AM"
526.4805297851562,24.543373107910156,46.4935302734375,"Fri 28 Jun 2024, 09:51AM"
527.4713745117188,24.471275329589844,46.58050537109375,"Fri 28 Jun 2024, 09:52AM"
528.7579345703125,24.385826110839844,46.69342041015625,"Fri 28 Jun 2024, 09:53AM"
529.525146484375,24.457923889160156,46.6156005859375,"Fri 28 Jun 2024, 09:54AM"
526.88330078125,24.39917755126953,46.7681884765625,"Fri 28 Jun 2024, 09:55AM"
524.7940063476562,24.39917755126953,46.6949462890625,"Fri 28 Jun 2024, 09:56AM"
524.6428833007812,24.35645294189453,46.7864990234375,"Fri 28 Jun 2024, 09:57AM"
525.9140625,24.329750061035156,46.8780517578125,"Fri 28 Jun 2024, 09:58AM"
524.9026489257812,24.385826110839844,46.76666259765625,"Fri 28 Jun 2024, 09:59AM"
520.663330078125,24.385826110839844,46.7529296875,"Fri 28 Jun 2024, 10:00AM"
517.48193359375,24.41252899169922,46.8780517578125,"Fri 28 Jun 2024, 10:01AM"
514.9735107421875,24.457923889160156,46.7254638671875,"Fri 28 Jun 2024, 10:02AM"
514.47314453125,24.44190216064453,46.73614501953125,"Fri 28 Jun 2024, 10:03AM"
521.5215454101562,24.428550720214844,47.0245361328125,"Fri 28 Jun 2024, 10:04AM"
544.9837646484375,24.41252899169922,46.94976806640625,"Fri 28 Jun 2024, 10:05AM"
555.8958740234375,24.457923889160156,46.8353271484375,"Fri 28 Jun 2024, 10:06AM"
551.1333618164062,24.471275329589844,46.83685302734375,"Fri 28 Jun 2024, 10:07AM"
562.716552734375,24.53002166748047,46.74835205078125,"Fri 28 Jun 2024, 10:08AM"
618.3461303710938,24.628822326660156,46.78497314453125,"Fri 28 Jun 2024, 10:09AM"
566.74267578125,24.65552520751953,46.7498779296875,"Fri 28 Jun 2024, 10:10AM"
585.5897216796875,24.53002166748047,47.25799560546875,"Fri 28 Jun 2024, 10:12AM"
675.818603515625,24.556724548339844,47.1282958984375,"Fri 28 Jun 2024, 10:14AM"
658.7429809570312,24.556724548339844,47.0550537109375,"Fri 28 Jun 2024, 10:14AM"
594.9039306640625,24.543373107910156,46.8231201171875,"Fri 28 Jun 2024, 10:15AM"
585.6334228515625,24.586097717285156,47.0458984375,"Fri 28 Jun 2024, 10:16AM"
577.1332397460938,24.599449157714844,46.8048095703125,"Fri 28 Jun 2024, 10:17AM"
831.8961181640625,24.543373107910156,47.247314453125,"Fri 28 Jun 2024, 10:18AM"
581.0656127929688,24.586097717285156,46.69342041015625,"Fri 28 Jun 2024, 10:19AM"
555.1287841796875,24.599449157714844,47.0733642578125,"Fri 28 Jun 2024, 10:20AM"
584.202880859375,24.599449157714844,46.7681884765625,"Fri 28 Jun 2024, 10:21AM"
547.0022583007812,24.500648498535156,46.90093994140625,"Fri 28 Jun 2024, 10:22AM"
551.2125854492188,24.586097717285156,46.75445556640625,"Fri 28 Jun 2024, 10:23AM"
586.6165161132812,24.642173767089844,46.7498779296875,"Fri 28 Jun 2024, 10:24AM"
556.719482421875,24.66887664794922,46.66748046875,"Fri 28 Jun 2024, 10:25AM"
551.9008178710938,24.61280059814453,46.89178466796875,"Fri 28 Jun 2024, 10:26AM"
552.8834228515625,24.69824981689453,46.68426513671875,"Fri 28 Jun 2024, 10:27AM"
583.4544067382812,24.75433349609375,46.7041015625,"Fri 28 Jun 2024, 10:29AM"
587.96728515625,24.951934814453125,46.51031494140625,"Fri 28 Jun 2024, 10:30AM"
629.6422729492188,25.026702880859375,46.28753662109375,"Fri 28 Jun 2024, 10:31AM"
601.7730712890625,25.05340576171875,46.32415771484375,"Fri 28 Jun 2024, 10:32AM"
598.13720703125,25.208282470703125,46.2005615234375,"Fri 28 Jun 2024, 10:33AM"
595.951904296875,25.28038787841797,46.221923828125,"Fri 28 Jun 2024, 10:34AM"
603.496826171875,25.22430419921875,46.1669921875,"Fri 28 Jun 2024, 10:35AM"
497.52020263671875,25.082778930664062,46.37908935546875,"Fri 28 Jun 2024, 10:36AM"
619.9552001953125,25.026702880859375,46.3836669921875,"Fri 28 Jun 2024, 10:37AM"
493.4058532714844,24.895858764648438,46.551513671875,"Fri 28 Jun 2024, 10:38AM"
555.73046875,24.965286254882812,46.97418212890625,"Fri 28 Jun 2024, 10:39AM"
517.387939453125,25.05340576171875,47.0458984375,"Fri 28 Jun 2024, 10:40AM"
554.4766235351562,25.066757202148438,47.0977783203125,"Fri 28 Jun 2024, 10:41AM"
517.5661010742188,25.066757202148438,46.8902587890625,"Fri 28 Jun 2024, 10:42AM"
509.7503662109375,25.165557861328125,46.72088623046875,"Fri 28 Jun 2024, 10:43AM"
590.1493530273438,25.125503540039062,46.6033935546875,"Fri 28 Jun 2024, 10:44AM"
490.3619689941406,25.13885498046875,46.14105224609375,"Fri 28 Jun 2024, 10:45AM"
538.4204711914062,25.152206420898438,46.2677001953125,"Fri 28 Jun 2024, 10:46AM"
521.1539916992188,25.152206420898438,46.3043212890625,"Fri 28 Jun 2024, 10:47AM"
492.7059631347656,25.05340576171875,46.337890625,"Fri 28 Jun 2024, 10:48AM"
523.06884765625,25.251014709472656,46.3043212890625,"Fri 28 Jun 2024, 10:49AM"
502.045654296875,25.165557861328125,46.09527587890625,"Fri 28 Jun 2024, 10:50AM"
629.6178588867188,25.109481811523438,46.55303955078125,"Fri 28 Jun 2024, 10:51AM"
519.2577514648438,25.32311248779297,46.18988037109375,"Fri 28 Jun 2024, 10:52AM"
494.50238037109375,25.194931030273438,45.97930908203125,"Fri 28 Jun 2024, 10:53AM"
489.4019470214844,25.264366149902344,46.1212158203125,"Fri 28 Jun 2024, 10:54AM"
512.3833618164062,25.18157958984375,46.221923828125,"Fri 28 Jun 2024, 10:55AM"
531.727783203125,25.09613037109375,46.45538330078125,"Fri 28 Jun 2024, 10:56AM"
511.4758605957031,25.194931030273438,46.18682861328125,"Fri 28 Jun 2024, 10:57AM"
507.5846862792969,25.28038787841797,46.112060546875,"Fri 28 Jun 2024, 10:58AM"
506.897705078125,25.592811584472656,45.86944580078125,"Fri 28 Jun 2024, 10:59AM"
493.04608154296875,26.01739501953125,44.8577880859375,"Fri 28 Jun 2024, 11:00AM"
1138.69189453125,26.31647491455078,45.40863037109375,"Fri 28 Jun 2024, 11:01AM"
525.4364013671875,26.300453186035156,44.390869140625,"Fri 28 Jun 2024, 11:02AM"
562.5780029296875,26.044097900390625,44.68994140625,"Fri 28 Jun 2024, 11:03AM"
505.22015380859375,25.720985412597656,45.3125,"Fri 28 Jun 2024, 11:04AM"
494.6700744628906,25.648887634277344,45.41168212890625,"Fri 28 Jun 2024, 11:05AM"
492.0290222167969,25.435264587402344,45.5810546875,"Fri 28 Jun 2024, 11:06AM"
487.408935546875,25.392539978027344,45.74737548828125,"Fri 28 Jun 2024, 11:07AM"
492.0486145019531,25.32311248779297,46.13037109375,"Fri 28 Jun 2024, 11:08AM"
505.48211669921875,25.18157958984375,46.24481201171875,"Fri 28 Jun 2024, 11:09AM"
509.506103515625,25.152206420898438,46.37451171875,"Fri 28 Jun 2024, 11:10AM"
534.0830688476562,25.165557861328125,46.13189697265625,"Fri 28 Jun 2024, 11:11AM"
509.2266540527344,25.165557861328125,46.2921142578125,"Fri 28 Jun 2024, 11:12AM"
512.7410888671875,25.165557861328125,46.3775634765625,"Fri 28 Jun 2024, 11:13AM"
517.553955078125,25.18157958984375,46.112060546875,"Fri 28 Jun 2024, 11:14AM"
533.8114624023438,25.194931030273438,46.429443359375,"Fri 28 Jun 2024, 11:15AM"
489.01702880859375,25.109481811523438,46.3226318359375,"Fri 28 Jun 2024, 11:17AM"
488.82476806640625,25.040054321289062,46.3134765625,"Fri 28 Jun 2024, 11:18AM"
484.8000183105469,25.040054321289062,46.38671875,"Fri 28 Jun 2024, 11:19AM"
484.70849609375,25.05340576171875,46.47369384765625,"Fri 28 Jun 2024, 11:20AM"
480.6127624511719,25.05340576171875,46.46148681640625,"Fri 28 Jun 2024, 11:21AM"
477.4100036621094,25.040054321289062,46.51947021484375,"Fri 28 Jun 2024, 11:22AM"
474.0274353027344,25.040054321289062,46.40960693359375,"Fri 28 Jun 2024, 11:23AM"
470.2669982910156,24.994659423828125,46.64764404296875,"Fri 28 Jun 2024, 11:24AM"
468.59149169921875,24.981307983398438,46.52557373046875,"Fri 28 Jun 2024, 11:25AM"
470.1199035644531,24.951934814453125,46.5576171875,"Fri 28 Jun 2024, 11:26AM"
470.3880310058594,24.88250732421875,46.79412841796875,"Fri 28 Jun 2024, 11:27AM"
473.1571044921875,24.951934814453125,46.6796875,"Fri 28 Jun 2024, 11:28AM"
474.83697509765625,24.965286254882812,46.68121337890625,"Fri 28 Jun 2024, 11:29AM"
470.8922424316406,24.88250732421875,46.8170166015625,"Fri 28 Jun 2024, 11:30AM"
472.6267395019531,24.965286254882812,46.4874267578125,"Fri 28 Jun 2024, 11:31AM"
482.9741516113281,24.866485595703125,46.74072265625,"Fri 28 Jun 2024, 11:32AM"
478.7919616699219,24.938583374023438,46.70257568359375,"Fri 28 Jun 2024, 11:33AM"
471.944580078125,24.895858764648438,46.74530029296875,"Fri 28 Jun 2024, 11:34AM"
470.33978271484375,24.79705810546875,46.86737060546875,"Fri 28 Jun 2024, 11:35AM"
471.1809997558594,24.727622985839844,47.283935546875,"Fri 28 Jun 2024, 11:36AM"
782.2613525390625,24.853134155273438,47.81494140625,"Fri 28 Jun 2024, 11:37AM"
494.88018798828125,24.895858764648438,46.7315673828125,"Fri 28 Jun 2024, 11:38AM"
491.76446533203125,24.92523193359375,46.8963623046875,"Fri 28 Jun 2024, 11:39AM"
503.3472900390625,24.938583374023438,47.17864990234375,"Fri 28 Jun 2024, 11:40AM"
506.44708251953125,24.951934814453125,47.03369140625,"Fri 28 Jun 2024, 11:41AM"
801.973388671875,26.58350372314453,46.04339599609375,"Fri 28 Jun 2024, 12:46PM"
3239.054443359375,27.267112731933594,73.9227294921875,"Fri 28 Jun 2024, 12:47PM"
719.1910400390625,26.161590576171875,45.76873779296875,"Fri 28 Jun 2024, 12:48PM"
591.32470703125,25.875869750976562,46.04034423828125,"Fri 28 Jun 2024, 12:49PM"
584.1901245117188,25.76104736328125,46.23565673828125,"Fri 28 Jun 2024, 12:50PM"
590.67529296875,25.57946014404297,46.51641845703125,"Fri 28 Jun 2024, 12:51PM"
587.2137451171875,25.520713806152344,46.56982421875,"Fri 28 Jun 2024, 12:52PM"
589.3399047851562,25.49134063720703,46.63848876953125,"Fri 28 Jun 2024, 12:53PM"
658.8594970703125,25.36316680908203,50.164794921875,"Fri 28 Jun 2024, 12:54PM"
1189.1162109375,25.435264587402344,48.4283447265625,"Fri 28 Jun 2024, 12:55PM"
707.5624389648438,25.70496368408203,48.1353759765625,"Fri 28 Jun 2024, 12:56PM"
641.2744140625,25.777069091796875,46.27227783203125,"Fri 28 Jun 2024, 12:57PM"
636.246337890625,25.70496368408203,46.28753662109375,"Fri 28 Jun 2024, 12:58PM"
650.3302612304688,25.56610870361328,46.63848876953125,"Fri 28 Jun 2024, 12:59PM"
645.2091064453125,25.50469207763672,46.61712646484375,"Fri 28 Jun 2024, 01:00PM"
803.6280517578125,25.53406524658203,47.2930908203125,"Fri 28 Jun 2024, 01:01PM"
855.4949951171875,25.57946014404297,46.95587158203125,"Fri 28 Jun 2024, 01:02PM"
670.2950439453125,25.606163024902344,46.4691162109375,"Fri 28 Jun 2024, 01:03PM"
674.3735961914062,25.57946014404297,46.51641845703125,"Fri 28 Jun 2024, 01:04PM"
697.4339599609375,25.54741668701172,46.57135009765625,"Fri 28 Jun 2024, 01:05PM"
663.989990234375,25.56610870361328,46.56524658203125,"Fri 28 Jun 2024, 01:06PM"
716.051025390625,25.44861602783203,48.51531982421875,"Fri 28 Jun 2024, 01:07PM"
655.2659912109375,25.40589141845703,46.77581787109375,"Fri 28 Jun 2024, 01:08PM"
690.767822265625,25.49134063720703,46.66595458984375,"Fri 28 Jun 2024, 01:09PM"
645.3741455078125,25.46196746826172,46.661376953125,"Fri 28 Jun 2024, 01:10PM"
636.305419921875,25.477989196777344,46.539306640625,"Fri 28 Jun 2024, 01:11PM"
633.5523681640625,25.44861602783203,46.5118408203125,"Fri 28 Jun 2024, 01:12PM"
633.7948608398438,25.46196746826172,46.92840576171875,"Fri 28 Jun 2024, 01:13PM"
659.9415283203125,25.50469207763672,46.92230224609375,"Fri 28 Jun 2024, 01:14PM"
635.2498779296875,25.421913146972656,46.55609130859375,"Fri 28 Jun 2024, 01:15PM"
627.9430541992188,25.421913146972656,46.58355712890625,"Fri 28 Jun 2024, 01:16PM"
625.1203002929688,25.36316680908203,46.79412841796875,"Fri 28 Jun 2024, 01:17PM"
619.4403076171875,25.40589141845703,46.6400146484375,"Fri 28 Jun 2024, 01:18PM"
615.11181640625,25.435264587402344,46.51031494140625,"Fri 28 Jun 2024, 01:19PM"
617.49853515625,25.421913146972656,46.44622802734375,"Fri 28 Jun 2024, 01:20PM"
682.6541748046875,25.435264587402344,46.47369384765625,"Fri 28 Jun 2024, 01:21PM"
746.0164794921875,25.435264587402344,46.59423828125,"Fri 28 Jun 2024, 01:22PM"
616.8975219726562,25.336463928222656,46.5576171875,"Fri 28 Jun 2024, 01:23PM"
608.052734375,25.28038787841797,46.63848876953125,"Fri 28 Jun 2024, 01:24PM"
602.26171875,25.066757202148438,46.9268798828125,"Fri 28 Jun 2024, 01:25PM"
595.816650390625,24.994659423828125,46.844482421875,"Fri 28 Jun 2024, 01:26PM"
589.0872192382812,25.082778930664062,46.83074951171875,"Fri 28 Jun 2024, 01:27PM"
590.7349243164062,25.026702880859375,47.1160888671875,"Fri 28 Jun 2024, 01:28PM"
590.2379150390625,25.194931030273438,46.612548828125,"Fri 28 Jun 2024, 01:29PM"
589.7547607421875,25.293739318847656,46.575927734375,"Fri 28 Jun 2024, 01:30PM"
587.8375244140625,25.251014709472656,46.54693603515625,"Fri 28 Jun 2024, 01:31PM"
587.1504516601562,25.251014709472656,46.49810791015625,"Fri 28 Jun 2024, 01:32PM"
583.5281372070312,25.28038787841797,46.53778076171875,"Fri 28 Jun 2024, 01:33PM"
584.56591796875,25.251014709472656,47.37701416015625,"Fri 28 Jun 2024, 01:34PM"
591.1329345703125,25.237655639648438,47.15728759765625,"Fri 28 Jun 2024, 01:35PM"
619.037353515625,25.264366149902344,46.53472900390625,"Fri 28 Jun 2024, 01:36PM"
603.4617309570312,25.28038787841797,46.63848876953125,"Fri 28 Jun 2024, 01:37PM"
601.3694458007812,25.336463928222656,46.42486572265625,"Fri 28 Jun 2024, 01:38PM"
593.7001953125,25.307090759277344,46.3836669921875,"Fri 28 Jun 2024, 01:39PM"
591.6738891601562,25.293739318847656,46.3226318359375,"Fri 28 Jun 2024, 01:40PM"
593.0574951171875,25.293739318847656,46.392822265625,"Fri 28 Jun 2024, 01:41PM"
593.3735961914062,25.293739318847656,46.295166015625,"Fri 28 Jun 2024, 01:42PM"
591.4872436523438,25.307090759277344,46.2371826171875,"Fri 28 Jun 2024, 01:43PM"
590.9605712890625,25.293739318847656,46.1761474609375,"Fri 28 Jun 2024, 01:44PM"
589.9337768554688,25.32311248779297,46.21429443359375,"Fri 28 Jun 2024, 01:45PM"
589.5810546875,25.336463928222656,46.15478515625,"Fri 28 Jun 2024, 01:46PM"
591.4520874023438,25.36316680908203,46.0113525390625,"Fri 28 Jun 2024, 01:47PM"
589.7068481445312,25.349815368652344,45.9991455078125,"Fri 28 Jun 2024, 01:48PM"
588.2532348632812,25.36316680908203,46.0357666015625,"Fri 28 Jun 2024, 01:49PM"
586.8388061523438,25.336463928222656,46.044921875,"Fri 28 Jun 2024, 01:50PM"
586.9821166992188,25.293739318847656,46.12579345703125,"Fri 28 Jun 2024, 01:51PM"
587.8489379882812,25.336463928222656,45.96099853515625,"Fri 28 Jun 2024, 01:52PM"
590.543212890625,25.264366149902344,46.09832763671875,"Fri 28 Jun 2024, 01:53PM"
589.8931274414062,25.125503540039062,46.2738037109375,"Fri 28 Jun 2024, 01:54PM"
591.7926635742188,25.18157958984375,46.20819091796875,"Fri 28 Jun 2024, 01:55PM"
593.7706909179688,25.125503540039062,46.28753662109375,"Fri 28 Jun 2024, 01:56PM"
594.7384643554688,25.13885498046875,46.2646484375,"Fri 28 Jun 2024, 01:57PM"
596.2068481445312,25.22430419921875,46.1029052734375,"Fri 28 Jun 2024, 01:58PM"
593.6423950195312,25.125503540039062,46.26312255859375,"Fri 28 Jun 2024, 01:59PM"
981.212890625,25.208282470703125,47.47161865234375,"Fri 28 Jun 2024, 02:00PM"
627.49853515625,25.194931030273438,46.112060546875,"Fri 28 Jun 2024, 02:01PM"
612.2192993164062,25.066757202148438,46.1822509765625,"Fri 28 Jun 2024, 02:02PM"
603.2705688476562,25.208282470703125,46.07696533203125,"Fri 28 Jun 2024, 02:03PM"
598.9113159179688,25.152206420898438,46.1212158203125,"Fri 28 Jun 2024, 02:04PM"
600.0680541992188,25.13885498046875,46.09375,"Fri 28 Jun 2024, 02:05PM"
600.4721069335938,25.026702880859375,46.17767333984375,"Fri 28 Jun 2024, 02:06PM"
605.9541625976562,25.109481811523438,46.22344970703125,"Fri 28 Jun 2024, 02:07PM"
609.2415771484375,25.109481811523438,46.1761474609375,"Fri 28 Jun 2024, 02:08PM"
611.4512329101562,25.09613037109375,46.08612060546875,"Fri 28 Jun 2024, 02:09PM"
611.9744262695312,25.109481811523438,45.9930419921875,"Fri 28 Jun 2024, 02:10PM"
603.6707763671875,25.082778930664062,45.87860107421875,"Fri 28 Jun 2024, 02:11PM"
595.6635131835938,24.981307983398438,46.02508544921875,"Fri 28 Jun 2024, 02:12PM"
580.709228515625,25.082778930664062,45.90301513671875,"Fri 28 Jun 2024, 02:13PM"
576.6179809570312,25.066757202148438,45.8160400390625,"Fri 28 Jun 2024, 02:14PM"
573.2054443359375,25.066757202148438,45.87554931640625,"Fri 28 Jun 2024, 02:15PM"
567.4869384765625,25.008010864257812,45.8099365234375,"Fri 28 Jun 2024, 02:16PM"
566.9527587890625,24.88250732421875,45.9259033203125,"Fri 28 Jun 2024, 02:17PM"
564.8131103515625,24.994659423828125,45.806884765625,"Fri 28 Jun 2024, 02:18PM"
560.7525634765625,25.026702880859375,45.7611083984375,"Fri 28 Jun 2024, 02:19PM"
558.671875,25.040054321289062,45.80078125,"Fri 28 Jun 2024, 02:20PM"
554.8583984375,25.066757202148438,45.58563232421875,"Fri 28 Jun 2024, 02:21PM"
555.1669921875,25.05340576171875,45.61920166015625,"Fri 28 Jun 2024, 02:22PM"
555.1116943359375,25.05340576171875,45.56884765625,"Fri 28 Jun 2024, 02:23PM"
554.2791748046875,25.026702880859375,45.56732177734375,"Fri 28 Jun 2024, 02:24PM"
549.4852905273438,24.981307983398438,45.58563232421875,"Fri 28 Jun 2024, 02:25PM"
547.05224609375,24.965286254882812,45.65582275390625,"Fri 28 Jun 2024, 02:26PM"
547.3853149414062,24.895858764648438,45.635986328125,"Fri 28 Jun 2024, 02:27PM"
546.5052490234375,24.895858764648438,45.635986328125,"Fri 28 Jun 2024, 02:28PM"
545.641357421875,24.810409545898438,45.85723876953125,"Fri 28 Jun 2024, 02:29PM"
544.9097900390625,24.92523193359375,45.6512451171875,"Fri 28 Jun 2024, 02:30PM"
548.2681274414062,24.92523193359375,45.63751220703125,"Fri 28 Jun 2024, 02:31PM"
546.423583984375,24.981307983398438,45.51239013671875,"Fri 28 Jun 2024, 02:32PM"
547.40625,24.965286254882812,45.5230712890625,"Fri 28 Jun 2024, 02:33PM"
549.1817626953125,24.965286254882812,45.39947509765625,"Fri 28 Jun 2024, 02:34PM"
546.3897094726562,24.909210205078125,45.50323486328125,"Fri 28 Jun 2024, 02:35PM"
546.0009765625,24.92523193359375,45.5780029296875,"Fri 28 Jun 2024, 02:36PM"
547.6946411132812,24.951934814453125,45.4254150390625,"Fri 28 Jun 2024, 02:37PM"
548.52294921875,24.866485595703125,45.65582275390625,"Fri 28 Jun 2024, 02:38PM"
553.220703125,24.938583374023438,45.51849365234375,"Fri 28 Jun 2024, 02:39PM"
554.2122802734375,24.909210205078125,45.60089111328125,"Fri 28 Jun 2024, 02:40PM"
556.272216796875,24.826431274414062,45.7977294921875,"Fri 28 Jun 2024, 02:41PM"
556.3416748046875,24.826431274414062,45.7244873046875,"Fri 28 Jun 2024, 02:42PM"
553.7911376953125,24.61280059814453,46.12579345703125,"Fri 28 Jun 2024, 02:43PM"
550.8939208984375,24.826431274414062,45.8099365234375,"Fri 28 Jun 2024, 02:44PM"
550.2139892578125,24.767684936523438,45.92437744140625,"Fri 28 Jun 2024, 02:45PM"
549.8726806640625,24.88250732421875,45.7794189453125,"Fri 28 Jun 2024, 02:46PM"
545.894287109375,24.88250732421875,45.69549560546875,"Fri 28 Jun 2024, 02:47PM"
546.4356079101562,24.909210205078125,45.71075439453125,"Fri 28 Jun 2024, 02:48PM"
545.3016967773438,24.866485595703125,45.70465087890625,"Fri 28 Jun 2024, 02:49PM"
542.025390625,24.92523193359375,45.6512451171875,"Fri 28 Jun 2024, 02:50PM"
546.1475830078125,24.909210205078125,45.72296142578125,"Fri 28 Jun 2024, 02:51PM"
546.926025390625,24.866485595703125,45.77789306640625,"Fri 28 Jun 2024, 02:52PM"
544.1885986328125,24.88250732421875,45.75653076171875,"Fri 28 Jun 2024, 02:53PM"
543.763916015625,24.810409545898438,45.86944580078125,"Fri 28 Jun 2024, 02:54PM"
541.6927490234375,24.727622985839844,46.0662841796875,"Fri 28 Jun 2024, 02:55PM"
541.5116577148438,24.83978271484375,45.92132568359375,"Fri 28 Jun 2024, 02:56PM"
539.9982299804688,24.810409545898438,45.916748046875,"Fri 28 Jun 2024, 02:57PM"
538.0731201171875,24.684898376464844,46.1822509765625,"Fri 28 Jun 2024, 02:58PM"
536.412841796875,24.75433349609375,46.09375,"Fri 28 Jun 2024, 02:59PM"
535.2666625976562,24.543373107910156,46.40655517578125,"Fri 28 Jun 2024, 03:00PM"
537.2476806640625,24.65552520751953,46.32415771484375,"Fri 28 Jun 2024, 03:01PM"
537.9999389648438,24.783706665039062,46.17156982421875,"Fri 28 Jun 2024, 03:02PM"
538.4899291992188,24.71160125732422,46.221923828125,"Fri 28 Jun 2024, 03:03PM"
542.4095458984375,24.727622985839844,46.2493896484375,"Fri 28 Jun 2024, 03:04PM"
540.670166015625,24.642173767089844,46.40960693359375,"Fri 28 Jun 2024, 03:05PM"
539.0523681640625,24.727622985839844,46.2493896484375,"Fri 28 Jun 2024, 03:06PM"
535.3184204101562,24.75433349609375,46.240234375,"Fri 28 Jun 2024, 03:07PM"
536.3665161132812,24.727622985839844,46.40655517578125,"Fri 28 Jun 2024, 03:08PM"
536.18408203125,24.727622985839844,46.392822265625,"Fri 28 Jun 2024, 03:09PM"
537.7196044921875,24.642173767089844,46.48284912109375,"Fri 28 Jun 2024, 03:10PM"
534.3077392578125,24.75433349609375,46.3134765625,"Fri 28 Jun 2024, 03:11PM"
533.2035522460938,24.75433349609375,46.32415771484375,"Fri 28 Jun 2024, 03:12PM"
533.5635375976562,24.74097442626953,46.40960693359375,"Fri 28 Jun 2024, 03:13PM"
537.80126953125,24.69824981689453,46.37908935546875,"Fri 28 Jun 2024, 03:14PM"
538.274658203125,24.783706665039062,46.28143310546875,"Fri 28 Jun 2024, 03:15PM"
539.69287109375,24.783706665039062,46.2188720703125,"Fri 28 Jun 2024, 03:16PM"
539.0670166015625,24.75433349609375,46.3134765625,"Fri 28 Jun 2024, 03:17PM"
539.9125366210938,24.65552520751953,46.4202880859375,"Fri 28 Jun 2024, 03:18PM"
537.6845703125,24.66887664794922,46.54693603515625,"Fri 28 Jun 2024, 03:19PM"
536.51953125,24.826431274414062,46.22650146484375,"Fri 28 Jun 2024, 03:20PM"
535.2177734375,24.642173767089844,46.5057373046875,"Fri 28 Jun 2024, 03:21PM"
535.6913452148438,24.65552520751953,46.39739990234375,"Fri 28 Jun 2024, 03:22PM"
533.2357177734375,24.599449157714844,46.6339111328125,"Fri 28 Jun 2024, 03:23PM"
532.6966552734375,24.767684936523438,46.35162353515625,"Fri 28 Jun 2024, 03:24PM"
533.7225952148438,24.642173767089844,46.48284912109375,"Fri 28 Jun 2024, 03:25PM"
532.970947265625,24.66887664794922,46.37451171875,"Fri 28 Jun 2024, 03:26PM"
533.48974609375,24.71160125732422,46.30889892578125,"Fri 28 Jun 2024, 03:27PM"
534.6294555664062,24.65552520751953,46.4111328125,"Fri 28 Jun 2024, 03:28PM"
536.5827026367188,24.69824981689453,46.42791748046875,"Fri 28 Jun 2024, 03:29PM"
538.7743530273438,24.628822326660156,46.40655517578125,"Fri 28 Jun 2024, 03:30PM"
540.74853515625,24.57007598876953,46.44775390625,"Fri 28 Jun 2024, 03:31PM"
539.6497802734375,24.727622985839844,46.22344970703125,"Fri 28 Jun 2024, 03:32PM"
535.569580078125,24.57007598876953,46.56982421875,"Fri 28 Jun 2024, 03:33PM"
538.5865478515625,24.599449157714844,46.2554931640625,"Fri 28 Jun 2024, 03:34PM"
538.135498046875,24.71160125732422,46.23565673828125,"Fri 28 Jun 2024, 03:35PM"
536.937744140625,24.57007598876953,46.4111328125,"Fri 28 Jun 2024, 03:36PM"
535.6256103515625,24.628822326660156,46.282958984375,"Fri 28 Jun 2024, 03:37PM"
535.4622802734375,24.61280059814453,46.37908935546875,"Fri 28 Jun 2024, 03:38PM"
535.6610107421875,24.628822326660156,46.282958984375,"Fri 28 Jun 2024, 03:39PM"
535.407958984375,24.44190216064453,46.51641845703125,"Fri 28 Jun 2024, 03:40PM"
535.763671875,24.628822326660156,46.40655517578125,"Fri 28 Jun 2024, 03:41PM"
537.9888916015625,24.61280059814453,46.429443359375,"Fri 28 Jun 2024, 03:42PM"
540.822509765625,24.61280059814453,46.392822265625,"Fri 28 Jun 2024, 03:43PM"
539.0135498046875,24.628822326660156,46.45538330078125,"Fri 28 Jun 2024, 03:44PM"
543.4378662109375,24.628822326660156,46.38214111328125,"Fri 28 Jun 2024, 03:45PM"
542.88330078125,24.727622985839844,46.282958984375,"Fri 28 Jun 2024, 03:46PM"
544.1961059570312,24.66887664794922,46.32720947265625,"Fri 28 Jun 2024, 03:47PM"
543.9006958007812,24.642173767089844,46.3836669921875,"Fri 28 Jun 2024, 03:48PM"
543.649169921875,24.500648498535156,46.6705322265625,"Fri 28 Jun 2024, 03:49PM"
545.0628662109375,24.61280059814453,46.502685546875,"Fri 28 Jun 2024, 03:50PM"
545.9602661132812,24.48729705810547,46.5972900390625,"Fri 28 Jun 2024, 03:51PM"
544.118896484375,24.471275329589844,46.7132568359375,"Fri 28 Jun 2024, 03:52PM"
543.5853881835938,24.457923889160156,46.70257568359375,"Fri 28 Jun 2024, 03:53PM"
540.9505004882812,24.53002166748047,46.78497314453125,"Fri 28 Jun 2024, 03:54PM"
545.1295166015625,24.628822326660156,46.575927734375,"Fri 28 Jun 2024, 03:55PM"
544.9017333984375,24.556724548339844,46.50726318359375,"Fri 28 Jun 2024, 03:56PM"
543.508544921875,24.599449157714844,46.53778076171875,"Fri 28 Jun 2024, 03:57PM"
543.2511596679688,24.599449157714844,46.42791748046875,"Fri 28 Jun 2024, 03:58PM"
542.4817504882812,24.471275329589844,46.6766357421875,"Fri 28 Jun 2024, 03:59PM"
541.3004150390625,24.556724548339844,46.54388427734375,"Fri 28 Jun 2024, 04:00PM"
540.9804077148438,24.500648498535156,46.5850830078125,"Fri 28 Jun 2024, 04:01PM"
538.1032104492188,24.53002166748047,46.661376953125,"Fri 28 Jun 2024, 04:02PM"
541.3734130859375,24.513999938964844,46.6217041015625,"Fri 28 Jun 2024, 04:03PM"
537.2528686523438,24.57007598876953,46.630859375,"Fri 28 Jun 2024, 04:04PM"
536.5739135742188,24.61280059814453,46.48895263671875,"Fri 28 Jun 2024, 04:05PM"
534.9385986328125,24.74097442626953,46.21429443359375,"Fri 28 Jun 2024, 04:06PM"
532.7390747070312,24.74097442626953,46.22650146484375,"Fri 28 Jun 2024, 04:07PM"
531.5067749023438,24.599449157714844,46.31805419921875,"Fri 28 Jun 2024, 04:08PM"
527.4490966796875,24.66887664794922,46.25396728515625,"Fri 28 Jun 2024, 04:09PM"
528.9054565429688,24.586097717285156,46.30126953125,"Fri 28 Jun 2024, 04:10PM"
529.6966552734375,24.586097717285156,46.2646484375,"Fri 28 Jun 2024, 04:11PM"
531.7694702148438,24.65552520751953,46.19140625,"Fri 28 Jun 2024, 04:12PM"
526.6617431640625,24.57007598876953,46.240234375,"Fri 28 Jun 2024, 04:13PM"
529.5712890625,24.586097717285156,46.16851806640625,"Fri 28 Jun 2024, 04:14PM"
531.3079833984375,24.471275329589844,46.38671875,"Fri 28 Jun 2024, 04:15PM"
534.1463623046875,24.343101501464844,46.661376953125,"Fri 28 Jun 2024, 04:16PM"
535.5346069335938,24.586097717285156,46.3653564453125,"Fri 28 Jun 2024, 04:17PM"
540.9800415039062,24.543373107910156,46.33331298828125,"Fri 28 Jun 2024, 04:18PM"
541.2957763671875,24.684898376464844,46.13494873046875,"Fri 28 Jun 2024, 04:19PM"
542.3853759765625,24.75433349609375,46.09375,"Fri 28 Jun 2024, 04:20PM"
542.1489868164062,24.61280059814453,46.319580078125,"Fri 28 Jun 2024, 04:21PM"
541.9004516601562,24.500648498535156,46.3775634765625,"Fri 28 Jun 2024, 04:22PM"
540.855224609375,24.628822326660156,46.30889892578125,"Fri 28 Jun 2024, 04:23PM"
541.9110717773438,24.500648498535156,46.4019775390625,"Fri 28 Jun 2024, 04:24PM"
541.1207885742188,24.457923889160156,46.5789794921875,"Fri 28 Jun 2024, 04:25PM"
540.3480834960938,24.457923889160156,46.5789794921875,"Fri 28 Jun 2024, 04:26PM"
543.517333984375,24.599449157714844,46.3409423828125,"Fri 28 Jun 2024, 04:27PM"
543.228271484375,24.556724548339844,46.32415771484375,"Fri 28 Jun 2024, 04:28PM"
541.4912109375,24.642173767089844,46.2738037109375,"Fri 28 Jun 2024, 04:29PM"
543.277587890625,24.684898376464844,46.1944580078125,"Fri 28 Jun 2024, 04:30PM"
542.0203857421875,24.556724548339844,46.33636474609375,"Fri 28 Jun 2024, 04:31PM"
540.6084594726562,24.57007598876953,46.32720947265625,"Fri 28 Jun 2024, 04:32PM"
